ATOM,1,N,GLU,A,25,21.195,14.543,6.137,1,50.94,N
ATOM,2,CA,GLU,A,25,19.735,14.273,6.32,1,50.1,C
ATOM,3,C,GLU,A,25,19.235,13.351,5.221,1,48.56,C
ATOM,6,N,THR,A,26,18.208,12.568,5.535,1,48.78,N
ATOM,7,CA,THR,A,26,17.594,11.657,4.569,1,49.7,C
ATOM,8,C,THR,A,26,16.902,12.441,3.445,1,46.46,C
ATOM,13,N,LEU,A,27,17.151,12.036,2.203,1,43.62,N
ATOM,14,CA,LEU,A,27,16.536,12.691,1.045,1,42.9,C
ATOM,15,C,LEU,A,27,15.389,11.824,0.574,1,39.11,C
ATOM,21,N,VAL,A,28,14.243,12.45,0.341,1,37.24,N
ATOM,22,CA,VAL,A,28,13.052,11.723,-0.07,1,34.68,C
ATOM,23,C,VAL,A,28,12.564,12.22,-1.417,1,34.38,C
ATOM,28,N,ARG,A,29,11.846,11.346,-2.114,1,34.2,N
ATOM,29,CA,ARG,A,29,11.272,11.655,-3.409,1,34.77,C
ATOM,30,C,ARG,A,29,9.742,11.584,-3.324,1,31.87,C
ATOM,39,N,PRO,A,30,9.061,12.739,-3.162,1,30.45,N
ATOM,40,CA,PRO,A,30,7.603,12.712,-3.139,1,30.44,C
ATOM,41,C,PRO,A,30,6.999,12.026,-4.371,1,30.35,C
ATOM,46,N,LYS,A,31,5.915,11.294,-4.171,1,30.82,N
ATOM,47,CA,LYS,A,31,5.13,10.768,-5.29,1,30.03,C
ATOM,48,C,LYS,A,31,4.466,11.926,-6.044,1,28.87,C
ATOM,55,N,PRO,A,32,3.964,11.671,-7.276,1,28.83,N
ATOM,56,CA,PRO,A,32,3.515,12.754,-8.166,1,27.81,C
ATOM,57,C,PRO,A,32,2.497,13.741,-7.585,1,25.85,C
ATOM,62,N,LEU,A,33,1.503,13.27,-6.845,1,25.55,N
ATOM,63,CA,LEU,A,33,0.489,14.195,-6.324,1,26.21,C
ATOM,64,C,LEU,A,33,1.043,15.096,-5.216,1,24.1,C
ATOM,70,N,LEU,A,34,1.867,14.546,-4.326,1,23.6,N
ATOM,71,CA,LEU,A,34,2.525,15.35,-3.284,1,22.84,C
ATOM,72,C,LEU,A,34,3.482,16.37,-3.909,1,22.66,C
ATOM,78,N,LEU,A,35,4.25,15.933,-4.901,1,22.74,N
ATOM,79,CA,LEU,A,35,5.15,16.831,-5.619,1,23.81,C
ATOM,80,C,LEU,A,35,4.411,17.998,-6.276,1,24.29,C
ATOM,86,N,LYS,A,36,3.266,17.711,-6.894,1,25.39,N
ATOM,87,CA,LYS,A,36,2.407,18.748,-7.478,1,26.56,C
ATOM,88,C,LYS,A,36,2.01,19.793,-6.409,1,24.28,C
ATOM,94,N,LEU,A,37,1.63,19.311,-5.238,1,22.53,N
ATOM,95,CA,LEU,A,37,1.254,20.181,-4.141,1,23.43,C
ATOM,96,C,LEU,A,37,2.442,21.05,-3.712,1,23.04,C
ATOM,102,N,LEU,A,38,3.598,20.428,-3.505,1,23.36,N
ATOM,103,CA,LEU,A,38,4.814,21.146,-3.117,1,23.56,C
ATOM,104,C,LEU,A,38,5.167,22.204,-4.149,1,24.1,C
ATOM,110,N,LYS,A,39,5.165,21.832,-5.433,1,24.85,N
ATOM,111,CA,LYS,A,39,5.492,22.79,-6.494,1,25.55,C
ATOM,112,C,LYS,A,39,4.481,23.925,-6.635,1,25.94,C
ATOM,119,N,SER,A,40,3.228,23.696,-6.236,1,25.27,N
ATOM,120,CA,SER,A,40,2.216,24.763,-6.266,1,24.87,C
ATOM,121,C,SER,A,40,2.548,25.898,-5.293,1,25.67,C
ATOM,125,N,VAL,A,41,3.369,25.597,-4.284,1,25.64,N
ATOM,126,CA,VAL,A,41,3.868,26.616,-3.347,1,26.57,C
ATOM,127,C,VAL,A,41,5.361,26.924,-3.562,1,27.08,C
ATOM,132,N,GLY,A,42,5.841,26.711,-4.781,1,27.49,N
ATOM,133,CA,GLY,A,42,7.154,27.203,-5.195,1,26.94,C
ATOM,134,C,GLY,A,42,8.309,26.232,-5.011,1,26.53,C
ATOM,136,N,ALA,A,43,8.016,25.006,-4.605,1,25.4,N
ATOM,137,CA,ALA,A,43,9.039,23.982,-4.563,1,25.81,C
ATOM,138,C,ALA,A,43,9.549,23.728,-5.991,1,26.45,C
ATOM,141,N,GLN,A,44,10.856,23.536,-6.122,1,27.69,N
ATOM,142,CA,GLN,A,44,11.517,23.476,-7.433,1,27.34,C
ATOM,143,C,GLN,A,44,12.008,22.094,-7.819,1,27.93,C
ATOM,150,N,LYS,A,45,12.232,21.241,-6.836,1,30.42,N
ATOM,151,CA,LYS,A,45,13.022,20.035,-7.021,1,31.37,C
ATOM,152,C,LYS,A,45,12.168,18.778,-7.066,1,32.44,C
ATOM,159,N,ASP,A,46,12.832,17.646,-7.291,1,32.35,N
ATOM,160,CA,ASP,A,46,12.184,16.344,-7.229,1,34.27,C
ATOM,161,C,ASP,A,46,12.609,15.519,-6.016,1,32.37,C
ATOM,167,N,THR,A,47,13.708,15.901,-5.356,1,32.75,N
ATOM,168,CA,THR,A,47,14.134,15.282,-4.091,1,33.2,C
ATOM,169,C,THR,A,47,14.243,16.351,-2.985,1,30.64,C
ATOM,174,N,TYR,A,48,13.912,15.971,-1.759,1,29.27,N
ATOM,175,CA,TYR,A,48,13.805,16.921,-0.642,1,28.03,C
ATOM,176,C,TYR,A,48,14.198,16.24,0.649,1,27.58,C
ATOM,186,N,THR,A,49,14.605,17.03,1.64,1,28.86,N
ATOM,187,CA,THR,A,49,14.657,16.557,3.03,1,30.08,C
ATOM,188,C,THR,A,49,13.243,16.619,3.623,1,30.43,C
ATOM,193,N,MET,A,50,12.936,15.742,4.578,1,31.62,N
ATOM,194,CA,MET,A,50,11.626,15.753,5.229,1,32.94,C
ATOM,195,C,MET,A,50,11.286,17.116,5.833,1,33.01,C
ATOM,201,N,LYS,A,51,12.293,17.837,6.315,1,31.87,N
ATOM,202,CA,LYS,A,51,12.093,19.185,6.836,1,32.01,C
ATOM,203,C,LYS,A,51,11.609,20.139,5.767,1,29.37,C
ATOM,210,N,GLU,A,52,12.163,20.02,4.565,1,28.17,N
ATOM,211,CA,GLU,A,52,11.714,20.827,3.437,1,29.68,C
ATOM,212,C,GLU,A,52,10.267,20.497,3.072,1,27.29,C
ATOM,219,N,VAL,A,53,9.926,19.209,3.064,1,26.69,N
ATOM,220,CA,VAL,A,53,8.557,18.748,2.754,1,25.99,C
ATOM,221,C,VAL,A,53,7.585,19.366,3.749,1,25.32,C
ATOM,226,N,LEU,A,54,7.904,19.248,5.03,1,24.51,N
ATOM,227,CA,LEU,A,54,7.083,19.837,6.079,1,25.4,C
ATOM,228,C,LEU,A,54,6.979,21.361,5.923,1,24.3,C
ATOM,234,N,PHE,A,55,8.072,22.015,5.54,1,22.71,N
ATOM,235,CA,PHE,A,55,8.054,23.464,5.31,1,22.43,C
ATOM,236,C,PHE,A,55,7.06,23.848,4.205,1,22.59,C
ATOM,245,N,TYR,A,56,7.156,23.175,3.06,1,22.43,N
ATOM,246,CA,TYR,A,56,6.27,23.465,1.927,1,22.54,C
ATOM,247,C,TYR,A,56,4.814,23.106,2.256,1,21.71,C
ATOM,257,N,LEU,A,57,4.597,22.023,3.002,1,20.64,N
ATOM,258,CA,LEU,A,57,3.256,21.682,3.446,1,20.58,C
ATOM,259,C,LEU,A,57,2.679,22.803,4.307,1,21.01,C
ATOM,265,N,GLY,A,58,3.479,23.333,5.233,1,21.13,N
ATOM,266,CA,GLY,A,58,3.072,24.477,6.057,1,21.09,C
ATOM,267,C,GLY,A,58,2.682,25.681,5.228,1,21.08,C
ATOM,269,N,GLN,A,59,3.515,26.008,4.244,1,22.98,N
ATOM,270,CA,GLN,A,59,3.256,27.096,3.315,1,23.51,C
ATOM,271,C,GLN,A,59,1.917,26.915,2.598,1,22.74,C
ATOM,278,N,TYR,A,60,1.651,25.692,2.156,1,22.24,N
ATOM,279,CA,TYR,A,60,0.375,25.339,1.52,1,21.12,C
ATOM,280,C,TYR,A,60,-0.775,25.57,2.487,1,19.63,C
ATOM,290,N,ILE,A,61,-0.669,24.999,3.683,1,19.59,N
ATOM,291,CA,ILE,A,61,-1.699,25.162,4.71,1,20.43,C
ATOM,292,C,ILE,A,61,-1.939,26.639,5.035,1,21.57,C
ATOM,298,N,MET,A,62,-0.873,27.418,5.198,1,24.04,N
ATOM,299,CA,MET,A,62,-1.007,28.851,5.472,1,25.97,C
ATOM,300,C,MET,A,62,-1.682,29.614,4.347,1,25,C
ATOM,306,N,THR,A,63,-1.156,29.478,3.136,1,25.24,N
ATOM,307,CA,THR,A,63,-1.595,30.336,2.02,1,26.86,C
ATOM,308,C,THR,A,63,-3.026,30.027,1.589,1,25.64,C
ATOM,313,N,LYS,A,64,-3.426,28.768,1.7,1,26.41,N
ATOM,314,CA,LYS,A,64,-4.804,28.355,1.423,1,27.1,C
ATOM,315,C,LYS,A,64,-5.726,28.475,2.636,1,26.56,C
ATOM,322,N,ARG,A,65,-5.175,28.925,3.762,1,26.37,N
ATOM,323,CA,ARG,A,65,-5.929,29.147,4.983,1,27.1,C
ATOM,324,C,ARG,A,65,-6.75,27.921,5.391,1,26.03,C
ATOM,333,N,LEU,A,66,-6.071,26.781,5.501,1,24.99,N
ATOM,334,CA,LEU,A,66,-6.708,25.514,5.914,1,25.28,C
ATOM,335,C,LEU,A,66,-6.724,25.293,7.423,1,24.08,C
ATOM,341,N,TYR,A,67,-6.03,26.158,8.159,1,25.67,N
ATOM,342,CA,TYR,A,67,-5.959,26.079,9.617,1,25.53,C
ATOM,343,C,TYR,A,67,-7.183,26.798,10.213,1,25.03,C
ATOM,353,N,ASP,A,68,-7.646,26.298,11.35,1,25.37,N
ATOM,354,CA,ASP,A,68,-8.743,26.926,12.052,1,28.34,C
ATOM,355,C,ASP,A,68,-8.285,28.279,12.62,1,28.58,C
ATOM,361,N,GLU,A,69,-9.06,29.315,12.336,1,30.53,N
ATOM,362,CA,GLU,A,69,-8.737,30.678,12.75,1,33.64,C
ATOM,363,C,GLU,A,69,-8.704,30.845,14.265,1,35.97,C
ATOM,370,N,LYS,A,70,-9.54,30.103,14.986,1,38.34,N
ATOM,371,CA,LYS,A,70,-9.556,30.184,16.443,1,40.22,C
ATOM,372,C,LYS,A,70,-8.534,29.244,17.061,1,39.89,C
ATOM,379,N,GLN,A,71,-8.429,28.044,16.491,1,42.15,N
ATOM,380,CA,GLN,A,71,-7.562,26.985,16.996,1,42.29,C
ATOM,381,C,GLN,A,71,-6.564,26.629,15.899,1,38.52,C
ATOM,388,N,GLN,A,72,-5.531,27.46,15.759,1,34.15,N
ATOM,389,CA,GLN,A,72,-4.553,27.34,14.668,1,32.02,C
ATOM,390,C,GLN,A,72,-3.777,26.008,14.597,1,32.24,C
ATOM,397,N,HIS,A,73,-3.93,25.157,15.607,1,30.67,N
ATOM,398,CA,HIS,A,73,-3.33,23.84,15.556,1,31.7,C
ATOM,399,C,HIS,A,73,-4.178,22.872,14.723,1,28.39,C
ATOM,407,N,ILE,A,74,-5.443,23.208,14.493,1,26.98,N
ATOM,408,CA,ILE,A,74,-6.334,22.349,13.706,1,27.12,C
ATOM,409,C,ILE,A,74,-6.258,22.693,12.216,1,24.97,C
ATOM,415,N,VAL,A,75,-5.929,21.68,11.414,1,22.93,N
ATOM,416,CA,VAL,A,75,-5.918,21.807,9.962,1,23.16,C
ATOM,417,C,VAL,A,75,-7.104,21.046,9.366,1,23.02,C
ATOM,422,N,TYR,A,76,-7.868,21.725,8.515,1,23.31,N
ATOM,423,CA,TYR,A,76,-8.997,21.107,7.818,1,24.86,C
ATOM,424,C,TYR,A,76,-8.608,20.752,6.394,1,24.94,C
ATOM,434,N,CYS,A,77,-8.87,19.521,5.974,1,25.51,N
ATOM,435,CA,CYS,A,77,-8.457,19.103,4.635,1,26.1,C
ATOM,436,C,CYS,A,77,-9.44,18.208,3.866,1,26.03,C
ATOM,440,N,SER,A,78,-10.672,18.06,4.361,1,28.55,N
ATOM,441,CA,SER,A,78,-11.781,17.48,3.569,1,30.02,C
ATOM,442,C,SER,A,78,-11.988,18.234,2.276,1,29.27,C
ATOM,446,N,ASN,A,79,-12.165,17.487,1.193,1,30.13,N
ATOM,447,CA,ASN,A,79,-12.29,18.078,-0.146,1,30.95,C
ATOM,448,C,ASN,A,79,-11.125,19.003,-0.505,1,28.8,C
ATOM,454,N,ASP,A,80,-9.941,18.632,-0.031,1,25.74,N
ATOM,455,CA,ASP,A,80,-8.701,19.216,-0.502,1,24.29,C
ATOM,456,C,ASP,A,80,-7.744,18.085,-0.884,1,22.34,C
ATOM,462,N,LEU,A,81,-6.875,18.349,-1.862,1,21.74,N
ATOM,463,CA,LEU,A,81,-5.813,17.41,-2.219,1,23.33,C
ATOM,464,C,LEU,A,81,-5.088,16.901,-0.989,1,22.81,C
ATOM,470,N,LEU,A,82,-4.833,17.78,-0.024,1,22.68,N
ATOM,471,CA,LEU,A,82,-4.102,17.376,1.187,1,22.44,C
ATOM,472,C,LEU,A,82,-4.818,16.256,1.937,1,22.91,C
ATOM,478,N,GLY,A,83,-6.144,16.335,2.009,1,24.03,N
ATOM,479,CA,GLY,A,83,-6.933,15.296,2.651,1,25.42,C
ATOM,480,C,GLY,A,83,-6.884,13.974,1.91,1,26.45,C
ATOM,482,N,ASP,A,84,-6.971,14.05,0.587,1,28.92,N
ATOM,483,CA,ASP,A,84,-6.857,12.857,-0.259,1,30.68,C
ATOM,484,C,ASP,A,84,-5.487,12.174,-0.135,1,31.33,C
ATOM,490,N,LEU,A,85,-4.427,12.966,0.018,1,30.06,N
ATOM,491,CA,LEU,A,85,-3.088,12.43,0.23,1,29.57,C
ATOM,492,C,LEU,A,85,-2.9,11.849,1.623,1,28.74,C
ATOM,498,N,PHE,A,86,-3.38,12.558,2.642,1,26.49,N
ATOM,499,CA,PHE,A,86,-3.197,12.161,4.041,1,26.4,C
ATOM,500,C,PHE,A,86,-4.206,11.113,4.51,1,27.06,C
ATOM,509,N,GLY,A,87,-5.374,11.056,3.868,1,27.94,N
ATOM,510,CA,GLY,A,87,-6.397,10.069,4.21,1,27.18,C
ATOM,511,C,GLY,A,87,-7.213,10.448,5.435,1,27.25,C
ATOM,513,N,VAL,A,88,-7.274,11.741,5.753,1,28,N
ATOM,514,CA,VAL,A,88,-8.017,12.258,6.92,1,26.69,C
ATOM,515,C,VAL,A,88,-8.793,13.517,6.519,1,25.53,C
ATOM,520,N,PRO,A,89,-9.891,13.823,7.233,1,25.81,N
ATOM,521,CA,PRO,A,89,-10.629,15.065,7.012,1,24.82,C
ATOM,522,C,PRO,A,89,-10.041,16.269,7.745,1,24.17,C
ATOM,527,N,SER,A,90,-9.209,16.007,8.744,1,23.61,N
ATOM,528,CA,SER,A,90,-8.567,17.059,9.524,1,24.02,C
ATOM,529,C,SER,A,90,-7.484,16.425,10.359,1,23.31,C
ATOM,533,N,PHE,A,91,-6.557,17.235,10.847,1,25.18,N
ATOM,534,CA,PHE,A,91,-5.541,16.766,11.818,1,25.33,C
ATOM,535,C,PHE,A,91,-5.068,17.935,12.66,1,24.73,C
ATOM,544,N,SER,A,92,-4.359,17.627,13.744,1,25.07,N
ATOM,545,CA,SER,A,92,-3.724,18.659,14.571,1,27.81,C
ATOM,546,C,SER,A,92,-2.242,18.763,14.257,1,26.8,C
ATOM,550,N,VAL,A,93,-1.716,19.973,14.144,1,28.39,N
ATOM,551,CA,VAL,A,93,-0.277,20.124,13.881,1,29.29,C
ATOM,552,C,VAL,A,93,0.566,19.452,14.982,1,30.68,C
ATOM,557,N,LYS,A,94,-0.033,19.258,16.147,1,31.63,N
ATOM,558,CA,LYS,A,94,0.647,18.625,17.26,1,32.94,C
ATOM,559,C,LYS,A,94,0.848,17.114,17.103,1,33.59,C
ATOM,564,N,GLU,A,95,0.189,16.475,16.13,1,32.24,N
ATOM,565,CA,GLU,A,95,0.315,15.018,15.958,1,33.26,C
ATOM,566,C,GLU,A,95,1.513,14.66,15.081,1,33.51,C
ATOM,573,N,HIS,A,96,2.714,14.852,15.623,1,31.91,N
ATOM,574,CA,HIS,A,96,3.928,14.783,14.829,1,30.39,C
ATOM,575,C,HIS,A,96,4.181,13.419,14.213,1,31.23,C
ATOM,583,N,ARG,A,97,4.119,12.358,15.022,1,31.7,N
ATOM,584,CA,ARG,A,97,4.368,11.002,14.522,1,33.41,C
ATOM,585,C,ARG,A,97,3.379,10.649,13.397,1,32.37,C
ATOM,590,N,LYS,A,98,2.114,11.012,13.576,1,33.24,N
ATOM,591,CA,LYS,A,98,1.075,10.741,12.571,1,35.45,C
ATOM,592,C,LYS,A,98,1.364,11.482,11.259,1,34.8,C
ATOM,599,N,ILE,A,99,1.672,12.776,11.359,1,31.83,N
ATOM,600,CA,ILE,A,99,2.001,13.591,10.194,1,30.01,C
ATOM,601,C,ILE,A,99,3.166,12.974,9.429,1,31.03,C
ATOM,607,N,TYR,A,100,4.22,12.592,10.154,1,32.37,N
ATOM,608,CA,TYR,A,100,5.357,11.889,9.574,1,32.24,C
ATOM,609,C,TYR,A,100,4.917,10.644,8.814,1,32.13,C
ATOM,619,N,THR,A,101,3.994,9.879,9.388,1,31.45,N
ATOM,620,CA,THR,A,101,3.492,8.676,8.741,1,33.25,C
ATOM,621,C,THR,A,101,2.629,9.015,7.518,1,32.15,C
ATOM,626,N,MET,A,102,1.704,9.963,7.665,1,31,N
ATOM,627,CA,MET,A,102,0.86,10.426,6.542,1,30.74,C
ATOM,628,C,MET,A,102,1.694,10.943,5.365,1,30.94,C
ATOM,634,N,ILE,A,103,2.761,11.688,5.66,1,31.07,N
ATOM,635,CA,ILE,A,103,3.688,12.15,4.622,1,30.97,C
ATOM,636,C,ILE,A,103,4.413,10.972,3.997,1,31.58,C
ATOM,642,N,TYR,A,104,4.79,9.999,4.817,1,35.73,N
ATOM,643,CA,TYR,A,104,5.658,8.915,4.352,1,39.76,C
ATOM,644,C,TYR,A,104,4.981,8.002,3.342,1,39.22,C
ATOM,654,N,ARG,A,105,3.664,7.856,3.47,1,40.86,N
ATOM,655,CA,ARG,A,105,2.869,7.083,2.524,1,42.08,C
ATOM,656,C,ARG,A,105,2.827,7.729,1.14,1,41.06,C
ATOM,665,N,ASN,A,106,3.326,8.961,1.018,1,38.06,N
ATOM,666,CA,ASN,A,106,3.369,9.672,-0.253,1,36.22,C
ATOM,667,C,ASN,A,106,4.789,9.869,-0.766,1,36.89,C
ATOM,673,N,LEU,A,107,5.735,9.127,-0.206,1,40.85,N
ATOM,674,CA,LEU,A,107,7.145,9.295,-0.526,1,45.81,C
ATOM,675,C,LEU,A,107,7.77,8.032,-1.079,1,49.95,C
ATOM,681,N,VAL,A,108,9.024,8.183,-1.493,1,55.14,N
ATOM,682,CA,VAL,A,108,10.006,7.099,-1.498,1,57.75,C
ATOM,683,C,VAL,A,108,11.386,7.727,-1.23,1,61.28,C
ATOM,688,N,VAL,A,109,12.185,7.076,-0.388,1,69.41,N
ATOM,689,CA,VAL,A,109,13.526,7.573,-0.033,1,74.59,C
ATOM,690,C,VAL,A,109,14.534,7.344,-1.173,1,76.25,C
ATOM,695,N,VAL,A,110,15.554,8.197,-1.24,1,74.22,N
ATOM,696,CA,VAL,A,110,16.533,8.162,-2.326,1,75.98,C
ATOM,697,C,VAL,A,110,17.932,8.529,-1.825,1,77.01,C
